(costat) Active/Inactive Status Marker,(curcd) ISO Currency Code,(datafmt) Data Format,(indfmt) Industry Format,(consol) Level of Consolidation - Company Annual Descriptor,(tic) Ticker Symbol,(datadate) Data Date,(gvkey) Global Company Key,(conm) Company Name,(sic) Standard Industry Classification Code,(fyear) Data Year - Fiscal,(at) Assets - Total,(ceq) Common/Ordinary Equity - Total,(dlc) Debt in Current Liabilities - Total,(dltt) Long-Term Debt - Total,(lt) Liabilities - Total,(re) Retained Earnings,(cogs) Cost of Goods Sold,(ebit) Earnings Before Interest and Taxes,(revt) Revenue - Total,(xint) Interest and Related Expense - Total,(oancf) Operating Activities - Net Cash Flow,(csho) Common Shares Outstanding,(prcc_f) Price Close - Annual - Fiscal,(addzip) Postal Code
A,USD,STD,INDL,C,CHTR,31/12/20,126136,CHARTER COMMUNICATIONS INC,4841,2020,144206,23805,1243,82854,113925,-5195,30093,8620,48417,3848,14562,193.731,661.55,10036
A,USD,STD,INDL,C,CHTR,31/12/21,126136,CHARTER COMMUNICATIONS INC,4841,2021,142491,14050,3266,89746,124335,-12675,31482,10855,51682,4037,16239,172.741,651.97,10036
A,USD,STD,INDL,C,CHTR,31/12/22,126136,CHARTER COMMUNICATIONS INC,4841,2022,144523,9119,1805,97176,131974,-14821,32876,12243,54022,4556,14925,152.651,339.1,10036
A,USD,STD,INDL,C,CHTR,31/12/23,126136,CHARTER COMMUNICATIONS INC,4841,2023,147193,11086,2715,96905,132475,-12260,33405,12506,54607,5188,14433,145.225,388.68,10036
A,USD,STD,INDL,C,CHTR,31/12/24,126136,CHARTER COMMUNICATIONS INC,4841,2024,150020,15587,2835,94341,130313,-7750,33167,13245,55085,5229,14430,141.946,342.77,10036
A,USD,STD,INDL,C,CHTR,31/12/25,126136,CHARTER COMMUNICATIONS INC,4841,2025,154213,16054,1943,96620,133694,-5393,32795,13268,54774,5042,16077,126.632,208.75,10036
A,USD,STD,INDL,C,CMCSA,31/12/20,003226,COMCAST CORP,4841,2020,273869,90323,3864,109522,180851,58322,72738,17605,103564,4228,24737,4580.656,52.4,19103-2838
A,USD,STD,INDL,C,CMCSA,31/12/21,003226,COMCAST CORP,4841,2021,275905,96092,2898,104361,177896,63382,81739,20842,116385,4077,29146,4533.23,50.33,19103-2838
A,USD,STD,INDL,C,CMCSA,31/12/22,003226,COMCAST CORP,4841,2022,257275,80943,2418,104348,175237,48998,84442,23111,121427,3896,26413,4220.119,34.97,19103-2838
A,USD,STD,INDL,C,CMCSA,31/12/23,003226,COMCAST CORP,4841,2023,264811,82703,2817,100859,181344,51639,83922,23314,121572,4087,28501,3978.762,43.85,19103-2838
A,USD,STD,INDL,C,CMCSA,31/12/24,003226,COMCAST CORP,4841,2024,266211,85561,5658,99755,179936,54929,85625,23305,123731,4134,27673,3787.746,37.53,19103-2838
A,USD,STD,INDL,C,CMCSA,31/12/25,003226,COMCAST CORP,4841,2025,272631,96903,6644,98389,175256,66667,86341,21155,123707,4409,33643,3604.212,29.89,19103-2838
A,USD,STD,INDL,C,T,31/12/20,009899,AT&T INC,4812,2020,525761,161673,7007,175977,346521,41787,79920,26880,171760,8048,43130,7125.922,28.76,75202
A,USD,STD,INDL,C,T,31/12/21,009899,AT&T INC,4812,2021,551622,166332,29581,174081,367767,45879,79807,28607,168864,7838,41957,7141.064,24.6,75202
A,USD,STD,INDL,C,T,31/12/22,009899,AT&T INC,4812,2022,402853,97500,11144,147082,296396,-16649,50848,23444,120741,7402,32023,7127.592,18.41,75202
A,USD,STD,INDL,C,T,31/12/23,009899,AT&T INC,4812,2023,407060,103297,13001,145422,287645,-2715,50123,24752,122428,7578,38314,7150.064,16.78,75202
A,USD,STD,INDL,C,T,31/12/24,009899,AT&T INC,4812,2024,394795,104372,8622,135834,274570,2666,49221,24247,122336,7120,38771,7175.895,22.77,75202
A,USD,STD,INDL,C,T,31/12/25,009899,AT&T INC,4812,2025,420198,110533,12592,146032,291706,14908,50820,25627,125648,7025,40284,7037.502,24.84,75202
A,USD,STD,INDL,C,TMUS,31/12/20,017874,T-MOBILE US INC,4812,2020,200162,65344,9510,97737,134818,-7417,27614,9427,68397,3170,8640,1241.806,134.85,98006-1350
A,USD,STD,INDL,C,TMUS,31/12/21,017874,T-MOBILE US INC,4812,2021,206563,69102,10168,98649,137461,-4177,34572,9999,80118,3572,13917,1249.214,115.98,98006-1350
A,USD,STD,INDL,C,TMUS,31/12/22,017874,T-MOBILE US INC,4812,2022,211338,69656,9837,101955,141682,-1269,32012,13134,79571,3425,16781,1233.96,140,98006-1350
A,USD,STD,INDL,C,TMUS,31/12/23,017874,T-MOBILE US INC,4812,2023,207682,64715,8434,104652,142967,6383,29407,15966,78558,3439,18559,1195.807,160.33,98006-1350
A,USD,STD,INDL,C,TMUS,31/12/24,017874,T-MOBILE US INC,4812,2024,208035,61741,8524,105420,146294,13527,29330,18359,81400,3445,22293,1144.58,220.73,98006-1350
A,USD,STD,INDL,C,TMUS,31/12/25,017874,T-MOBILE US INC,4812,2025,219237,59203,10112,112157,160034,20288,32380,19657,88309,3817,27950,1106.931,203.04,98006-1350
A,USD,STD,INDL,C,VZ,31/12/20,002136,VERIZON COMMUNICATIONS INC,4812,2020,316481,67842,9374,141173,247209,60393,51201,28924,128292,4829,41768,4138.13,58.75,06902
A,USD,STD,INDL,C,VZ,31/12/21,002136,VERIZON COMMUNICATIONS INC,4812,2021,366596,81790,11302,166628,283396,71066,56301,31742,133613,5326,39539,4197.799,51.96,06902
A,USD,STD,INDL,C,VZ,31/12/22,002136,VERIZON COMMUNICATIONS INC,4812,2022,379680,91144,14097,162234,287217,80515,59133,30483,136835,5643,37141,4199.862,39.4,06902
A,USD,STD,INDL,C,VZ,31/12/23,002136,VERIZON COMMUNICATIONS INC,4812,2023,380255,92430,17239,157703,286456,81535,54805,29653,133974,7342,37475,4204.261,37.7,06902
A,USD,STD,INDL,C,VZ,31/12/24,002136,VERIZON COMMUNICATIONS INC,4812,2024,384711,99237,27048,141309,284136,88187,53908,29166,134788,7612,36912,4209.681,39.99,06902
A,USD,STD,INDL,C,VZ,31/12/25,002136,VERIZON COMMUNICATIONS INC,4812,2025,404258,104460,23160,158483,298517,93017,56560,29933,138191,7415,37137,4217.175,40.73,06902